Ref no. in proposal,Paper,Type,What it does,Conditioned on,Model,Data,How it was evaluated,Main finding,Limits / gaps,Why it matters for my thesis,How well I checked it
1,Amirrajab et al. (2022). Label-informed cardiac MR image synthesis through conditional GANs. Comput Med Imaging Graph.,Method,"Generates cardiac MR images from segmentation label maps, so each image comes with a matching mask.",Segmentation masks (anatomy only; no patient information).,Conditional GAN with SPADE layers.,"M&Ms (multi-vendor, multi-disease).","Image similarity (SSIM, PSNR, NRMSE) and segmentation performance.",The SPADE version beat Pix2Pix and Pix2PixHD baselines on image similarity.,"Controls anatomy, not who the patient is. Privacy benefit is argued, not tested.",The closest published version of your baseline (mask-conditioned generation).,"Via the Simula survey table only. That row merges this paper with Khalil et al. 2023, so read the original before quoting any numbers."
4,Amirrajab et al. (2023). Pathology synthesis of 3D-consistent cardiac MR images using 2D VAEs and GANs. Mach Learn Biomed Imaging.,Method,"Changes a mask's shape to create disease-like anatomy (for example hypertrophy or dilation), then turns the mask into an image.",Segmentation masks that have been altered towards a pathology.,"Two stages: a VAE changes the mask, a label-conditioned GAN makes the image.",ACDC and M&Ms.,"Distribution of end-diastolic and end-systolic volumes, Dice, Hausdorff distance.",Helped segmentation generalise across vendors and to pathologies that were scarce in the data.,"Conditions on disease shape, not on a broader clinical profile. No privacy evaluation reported.",Shows you can steer disease-related anatomy. Your work steers it with patient information instead.,Via the Simula survey table only.
26,Diller et al. (2020). Utility of deep learning networks for the generation of artificial cardiac MR images in congenital heart disease. BMC Med Imaging.,Method,"Trains one generator only on patients with Tetralogy of Fallot, then uses its images to train a segmentation network.","Nothing (unconditional), but the training cohort is one specific disease.","Progressive GAN, 256x256 images.",303 patients with Tetralogy of Fallot.,Expert review and Dice against ground-truth masks.,A segmentation network trained on the synthetic images came within 1% of one trained on real data.,"No control over who is generated. Privacy benefit stated, not measured.","Evidence that synthetic data can stand in for a small, rare-disease cohort.",Via the Simula survey table only.
5,Campello et al. (2022). Cardiac aging synthesis from cross-sectional data with conditional GANs. Front Cardiovasc Med.,Method,Makes an older or younger version of a given heart scan. Also changes apparent BMI.,Age (or BMI) as the gap between the scan's current value and the target value.,"Conditional GAN (WGAN-GP) with a U-Net generator, residual and attention blocks, and sinusoidal embedding of the covariate.","UK Biobank. 43,352 participants available; 14,788 used for training. Four-chamber view, end-diastole, 2D, 128x128.","Image quality (FID, PSNR). Age error from a separately trained age regressor. LV size, septum width and ejection fraction from segmentations. Data augmentation test.",Changes concentrated in the interventricular septum and aorta. Adding 10 to 25% synthetic scans brought age-prediction error close to a balanced dataset.,"Not checked against real longitudinal scans. The end-systole task produced clinical errors (incomplete septum, extra blob). No privacy test. Its image-quality scores were weaker than the Xia et al. baseline, which tracked age less accurately.","Your template for checking that conditioning worked, using an independent regressor on the generated images.",Read the full paper.
6,Li et al. (2025). Phenotype-guided generative model for high-fidelity cardiac MRI synthesis. arXiv:2505.03426.,Method (preprint),"Generates cine CMR sequences that match a chosen set of cardiac phenotypes, then uses them to expand pretraining data.","Cardiac phenotypes (the survey lists 82, such as LVEF and LVEDV).","Two stages: a generative model for phenotypes, then a masked autoregressive diffusion model conditioned on them.","UK Biobank (the survey gives 32,444 cine) plus a private dataset.",FID and Frechet Video Distance (per the survey). Downstream diagnosis and phenotype prediction.,Pretraining on the synthetic data improved diagnosis and phenotype prediction on public and private data.,"No privacy evaluation reported (per the survey). Phenotypes come from the images themselves, not from demographics.",Shows clinical characteristics can be used as conditioning for cine CMR.,Read the abstract. Numbers and evaluation details come from the Simula survey table.
7,Skorupko et al. (2025). Fairness-aware data augmentation for cardiac MRI using text-conditioned diffusion models. arXiv:2403.19508.,Method (preprint),Generates extra cardiac MR images for under-represented groups so that a classifier becomes less biased.,"Text built from patient metadata (sex, age, BMI, health condition) plus cardiac geometry from segmentation masks.",ControlNet on a denoising diffusion model (Stable Diffusion based). Run on one consumer-level GPU.,UK Biobank.,"Realism with established metrics, then a downstream classification test.","Reduced imbalance, for example scarce diagnosed female patients and normal-BMI patients with heart failure.",No privacy test (the survey only notes it mitigates privacy and fairness issues). Needs UK Biobank access.,"The closest published work to 'clinical profile plus mask'. Your thesis adds a direct check of the conditioning and a full fidelity, utility and privacy comparison.",Read the abstract. Details come from the Simula survey table.
8,Hosseini and Serag (2025). Is synthetic data generation effective in maintaining clinical biomarkers? Front Artif Intell.,Method / evaluation,Tests whether diffusion-generated images keep the hidden features a classifier needs to recognise disease.,Not covered in the abstract.,DDPM with a Swin-transformer-based network.,Lung and retinal images. Not cardiac MRI.,A classifier trained to detect preserved biomarkers (F1 and AUC of 0.8 to 0.99).,Diffusion models kept key features such as lung markings and retinal abnormalities.,Not about cardiac MRI.,Supports your point that a realistic-looking image is not enough. Keep it out of any claim about cardiac MRI.,Read the abstract only.
25,"Edirisooriya et al. (2026). Balancing fidelity, utility, and privacy in synthetic cardiac MRI generation: a comparative study. arXiv:2603.04340.",Method / comparison (preprint),"Generates masks first, then images from the masks. Compares three image generators on fidelity, segmentation utility and privacy.",Segmentation masks only.,"Mask generation with a DDPM. Image generation with a DDPM, a latent diffusion model, and flow matching with ControlNet.",ACDC (150 subjects) and M&Ms (375). 2D slices at 128x128.,"Fidelity: SSIM, MS-SSIM, PSNR, FID, KID, LPIPS. Utility: DynUNet segmentation tested across datasets (Dice, IoU, HD95, ASD). Privacy: nearest-neighbour distance and membership inference attack.","DDPM gave the best balance. Flow matching looked promising for privacy but scored slightly lower on the task. Membership-inference AUC was 0.58 to 0.60 for all three. Real-data Dice was 0.90 to 0.93, against 0.82 to 0.90 for synthetic.","Conditions on masks only, with no clinical profile. Small datasets and 128x128 images.","Your evaluation protocol, and a likely source for your baseline. Co-authored by Vajira Thambawita.",Read the full paper.
new,Cao et al. (2026). Anatomy-guided residual motion diffusion for controllable 4D cardiac MRI synthesis. arXiv:2606.26764 (also listed on the MICCAI 2026 papers site).,Method (preprint),Generates 4D cine CMR together with matching segmentation masks for a chosen clinical profile. Separates static anatomy from motion.,"Clinical priors: diagnosis category, slice count, and end-diastolic, end-systolic and ejection-fraction volumes.","Semi-supervised 3D VAE-GAN (image and mask decoders), a latent diffusion model for end-diastole anatomy, and a second latent diffusion model for residual motion. An MLP embeds the clinical priors and they enter by cross-attention.","Training: 100 labelled ACDC patients plus 856 unlabelled Kaggle Data Science Bowl patients. Tests: ACDC test set, M&Ms (134 patients) and M&Ms-2 (157 patients).","FID and Frechet Video Distance. Pearson correlation between the clinical priors given and the volumes measured on the generated data. Segmentation (nnU-Net, UNETR, Swin-UNETR) trained on 900 synthetic pairs, scored with Dice and Hausdorff distance.",FID 72.21 and FVD 288.08. Conditioning check gave r between 0.66 and 0.94. Adding synthetic data raised cross-vendor Dice by 1.4% on average and cut Hausdorff distance by 3.0 mm with nnU-Net.,"No privacy evaluation. Higher guidance scales kept the volume trend but drifted from the exact target value. Conditions on diagnosis and volumes only, not age or sex.","The closest published work to your thesis: clinical-profile conditioning, paired image and mask, and a check that the conditioning worked. Your thesis differs by comparing against a no-conditioning baseline and by testing privacy. Worth citing and positioning against.",Read the full paper.
new,Fang et al. (2026). ECGFlowCMR: pretraining with ECG-generated cine CMR helps cardiac disease classification and phenotype prediction. KDD 2026. arXiv:2601.20904.,Method,Generates cine CMR from a patient's 12-lead ECG and uses the synthetic videos to pretrain disease and phenotype models.,"The patient's 12-lead ECG (a clinical signal, not demographics).","Phase-aware masked autoencoder for the ECG, then a 3D-VAE anatomical template with DiT-based flow matching for motion.",UK Biobank plus a proprietary clinical dataset of 535 patients.,"LPIPS, FID, FVD and inference time. Downstream disease classification, phenotype prediction and an external transfer test.","Reported FID 37.28 and FVD 14.41, better than the baselines in its table. Synthetic pretraining gave small but steady gains, roughly 1 percentage point, in the mixing-ratio tables.","The ECG constrains anatomy only weakly, which the authors note themselves. I did not see a privacy test. Part of the data is proprietary.",A different kind of patient-specific conditioning. It also argues that CPGG is limited because it needs phenotypes extracted from CMR segmentations.,Read the main text and tables. Did not read the appendix or limitations section.
24,Kumarasinghe et al. (2026). Synthetic cardiac MRI image generation using deep generative models. arXiv:2603.24764.,Review (preprint),"Reviews GAN, VAE, diffusion and flow-matching approaches to CMR generation through fidelity, utility and privacy.","Covers unconditional, mask-conditioned and covariate-conditioned models.",Survey of many models.,Includes tables of CMR datasets and of published generation models.,Not applicable. It compares what other papers reported.,"Privacy is rarely evaluated. Cross-dataset testing is rare, and when done (ACDC to M&Ms) it shows big drops. Pathology-specific mask-conditioned generation is limited.","A review, so no new experiments. I could not find 'personalization' discussed in the version I read (see the Check sheet).","Backs up your gap statements on privacy and cross-dataset evaluation. Its Table III lists Campello, Li and Skorupko as the covariate-conditioned examples.",Read the full paper.
2,Chen et al. (2022). Generative adversarial networks in medical image augmentation: a review. Comput Biol Med.,Review,Reviews GANs used to augment medical imaging data.,Not applicable.,Not applicable.,Not applicable.,Not applicable.,Not filled in yet.,Not filled in yet.,Background reference for synthetic data in medical imaging.,Not re-read. Fill in after reading the abstract.
3,Kazerouni et al. (2023). Diffusion models in medical imaging: a comprehensive survey. Med Image Anal.,Review,Surveys how diffusion models are used across medical imaging.,Not applicable.,Not applicable.,Not applicable.,Not applicable.,Not filled in yet.,Not filled in yet.,Background reference for diffusion models in medical imaging.,Not re-read. Fill in after reading the abstract.
